time,temperature_2m,apparent_temperature,precipitation,rain,snowfall,snow_depth,weather_code,cloud_cover,wind_speed_10m
2025-01-01T00:00,7.6,4.2,3.7,3.7,0.0,0.0,63,100,17.3
2025-01-01T01:00,8.3,5.5,0.9,0.9,0.0,0.0,53,100,14.9
2025-01-01T02:00,8.7,7.0,0.0,0.0,0.0,0.0,3,100,7.8
2025-01-01T03:00,8.9,7.3,0.0,0.0,0.0,0.0,3,100,8.8
2025-01-01T04:00,8.9,7.3,0.0,0.0,0.0,0.0,3,100,8.8
2025-01-01T05:00,8.4,6.4,0.0,0.0,0.0,0.0,3,100,10.0
2025-01-01T06:00,8.1,5.3,0.0,0.0,0.0,0.0,1,38,14.6
2025-01-01T07:00,6.6,3.6,0.0,0.0,0.0,0.0,1,21,13.9
2025-01-01T08:00,5.4,2.2,0.0,0.0,0.0,0.0,0,11,12.6
2025-01-01T09:00,7.0,4.3,0.0,0.0,0.0,0.0,0,18,12.3
2025-01-01T10:00,8.0,5.4,0.0,0.0,0.0,0.0,0,5,12.2
2025-01-01T11:00,9.4,7.0,0.0,0.0,0.0,0.0,0,8,11.8
2025-01-01T12:00,10.4,7.2,0.0,0.0,0.0,0.0,1,29,15.4
2025-01-01T13:00,11.0,7.5,0.0,0.0,0.0,0.0,2,50,15.7
2025-01-01T14:00,10.7,6.5,0.0,0.0,0.0,0.0,3,100,19.5
2025-01-01T15:00,8.4,3.5,0.0,0.0,0.0,0.0,3,100,22.7
2025-01-01T16:00,6.5,1.2,0.0,0.0,0.0,0.0,2,75,23.1
2025-01-01T17:00,5.7,0.5,0.1,0.1,0.0,0.0,51,75,22.0
2025-01-01T18:00,5.1,0.0,0.1,0.1,0.0,0.0,51,33,20.7
2025-01-01T19:00,4.8,-0.4,0.0,0.0,0.0,0.0,0,1,20.4
2025-01-01T20:00,4.6,-0.8,0.0,0.0,0.0,0.0,0,7,20.4
2025-01-01T21:00,5.1,-0.5,0.0,0.0,0.0,0.0,0,5,21.0
2025-01-01T22:00,4.5,-1.3,0.0,0.0,0.0,0.0,0,1,21.3
2025-01-01T23:00,3.8,-1.8,0.0,0.0,0.0,0.0,0,0,19.6
2025-01-02T00:00,3.4,-2.0,0.0,0.0,0.0,0.0,0,5,18.7
2025-01-02T01:00,3.1,-2.3,0.0,0.0,0.0,0.0,0,0,18.4
2025-01-02T02:00,2.6,-3.0,0.0,0.0,0.0,0.0,0,0,19.3
2025-01-02T03:00,2.2,-3.3,0.0,0.0,0.0,0.0,0,0,18.9
2025-01-02T04:00,1.9,-3.4,0.0,0.0,0.0,0.0,0,2,17.8
2025-01-02T05:00,1.7,-3.5,0.0,0.0,0.0,0.0,1,31,17.3
2025-01-02T06:00,1.4,-3.8,0.0,0.0,0.0,0.0,0,12,17.3
2025-01-02T07:00,0.9,-4.6,0.0,0.0,0.0,0.0,0,3,18.3
2025-01-02T08:00,0.5,-4.8,0.0,0.0,0.0,0.0,0,17,17.1
2025-01-02T09:00,2.1,-3.4,0.0,0.0,0.0,0.0,0,0,18.2
2025-01-02T10:00,3.0,-2.3,0.0,0.0,0.0,0.0,0,3,18.0
2025-01-02T11:00,4.0,-1.3,0.0,0.0,0.0,0.0,0,13,18.2
2025-01-02T12:00,4.7,-1.6,0.0,0.0,0.0,0.0,0,9,24.1
2025-01-02T13:00,5.0,-1.6,0.0,0.0,0.0,0.0,2,50,25.7
2025-01-02T14:00,5.3,-1.1,0.0,0.0,0.0,0.0,2,62,23.6
2025-01-02T15:00,5.4,-1.3,0.0,0.0,0.0,0.0,2,61,24.7
2025-01-02T16:00,4.6,-1.2,0.0,0.0,0.0,0.0,3,97,19.6
2025-01-02T17:00,3.5,-2.5,0.0,0.0,0.0,0.0,3,90,20.9
2025-01-02T18:00,2.3,-3.6,0.0,0.0,0.0,0.0,1,25,19.5
2025-01-02T19:00,1.8,-3.9,0.0,0.0,0.0,0.0,2,74,18.2
2025-01-02T20:00,1.4,-4.2,0.0,0.0,0.0,0.0,1,34,17.8
2025-01-02T21:00,1.7,-4.3,0.0,0.0,0.0,0.0,2,70,20.2
2025-01-02T22:00,1.4,-4.4,0.0,0.0,0.0,0.0,2,58,19.1
2025-01-02T23:00,0.8,-4.6,0.0,0.0,0.0,0.0,1,30,16.0
2025-01-03T00:00,0.3,-4.8,0.0,0.0,0.0,0.0,0,13,14.6
2025-01-03T01:00,-0.2,-5.5,0.0,0.0,0.0,0.0,0,5,15.9
2025-01-03T02:00,-0.6,-6.2,0.0,0.0,0.0,0.0,0,2,17.3
2025-01-03T03:00,-0.9,-6.5,0.0,0.0,0.0,0.0,0,5,17.3
2025-01-03T04:00,-1.0,-6.5,0.0,0.0,0.0,0.0,0,6,16.4
2025-01-03T05:00,-1.3,-6.6,0.0,0.0,0.0,0.0,0,6,15.5
2025-01-03T06:00,-1.4,-6.5,0.0,0.0,0.0,0.0,0,0,13.7
2025-01-03T07:00,-1.6,-6.4,0.0,0.0,0.0,0.0,0,3,12.5
2025-01-03T08:00,-1.8,-6.5,0.0,0.0,0.0,0.0,0,7,11.4
2025-01-03T09:00,-0.5,-5.0,0.0,0.0,0.0,0.0,0,14,10.7
2025-01-03T10:00,0.6,-4.2,0.0,0.0,0.0,0.0,0,0,12.2
2025-01-03T11:00,1.4,-3.6,0.0,0.0,0.0,0.0,0,0,13.8
2025-01-03T12:00,2.2,-3.4,0.0,0.0,0.0,0.0,1,31,17.9
2025-01-03T13:00,2.5,-2.8,0.0,0.0,0.0,0.0,2,61,15.9
2025-01-03T14:00,3.0,-2.3,0.0,0.0,0.0,0.0,2,73,16.2
2025-01-03T15:00,3.1,-2.1,0.0,0.0,0.0,0.0,1,48,15.7
2025-01-03T16:00,3.3,-2.1,0.0,0.0,0.0,0.0,3,94,15.9
2025-01-03T17:00,3.0,-1.4,0.0,0.0,0.0,0.0,3,94,10.5
2025-01-03T18:00,2.2,-2.1,0.0,0.0,0.0,0.0,3,94,10.2
2025-01-03T19:00,1.5,-2.8,0.0,0.0,0.0,0.0,3,100,10.4
2025-01-03T20:00,0.8,-3.4,0.0,0.0,0.0,0.0,3,100,9.5
2025-01-03T21:00,-0.7,-4.9,0.0,0.0,0.0,0.0,1,30,8.8
2025-01-03T22:00,-1.1,-5.5,0.0,0.0,0.0,0.0,3,96,10.1
2025-01-03T23:00,-1.4,-5.8,0.0,0.0,0.0,0.0,0,2,10.1
2025-01-04T00:00,-1.5,-6.2,0.0,0.0,0.0,0.0,0,0,11.7
2025-01-04T01:00,-1.7,-6.7,0.0,0.0,0.0,0.0,0,0,13.4
2025-01-04T02:00,-1.7,-7.0,0.0,0.0,0.0,0.0,0,15,14.7
2025-01-04T03:00,-2.0,-7.2,0.0,0.0,0.0,0.0,3,100,14.4
2025-01-04T04:00,-1.6,-6.9,0.0,0.0,0.0,0.0,3,100,14.7
2025-01-04T05:00,-1.3,-6.8,0.0,0.0,0.0,0.0,2,69,15.9
2025-01-04T06:00,-1.8,-7.7,0.0,0.0,0.0,0.0,2,67,17.4
2025-01-04T07:00,-2.2,-8.1,0.0,0.0,0.0,0.0,0,10,17.7
2025-01-04T08:00,-2.4,-8.4,0.0,0.0,0.0,0.0,0,17,18.0
2025-01-04T09:00,-1.5,-7.0,0.0,0.0,0.0,0.0,1,36,16.0
2025-01-04T10:00,-0.7,-6.5,0.0,0.0,0.0,0.0,2,68,18.5
2025-01-04T11:00,-0.3,-6.9,0.0,0.0,0.0,0.0,2,78,23.0
2025-01-04T12:00,-0.1,-6.5,0.0,0.0,0.0,0.0,3,100,21.4
2025-01-04T13:00,-0.5,-7.0,0.0,0.0,0.0,0.0,3,100,22.5
2025-01-04T14:00,-0.3,-7.4,0.0,0.0,0.0,0.0,2,60,25.3
2025-01-04T15:00,-0.3,-7.1,0.0,0.0,0.0,0.0,1,39,23.4
2025-01-04T16:00,-0.5,-7.5,0.0,0.0,0.0,0.0,3,97,24.3
2025-01-04T17:00,-1.1,-7.3,0.0,0.0,0.0,0.0,2,65,19.0
2025-01-04T18:00,-1.7,-7.6,0.0,0.0,0.0,0.0,3,84,17.5
2025-01-04T19:00,-1.8,-7.5,0.0,0.0,0.0,0.0,2,70,16.2
2025-01-04T20:00,-2.0,-7.7,0.0,0.0,0.0,0.0,1,30,16.2
2025-01-04T21:00,-1.8,-7.5,0.0,0.0,0.0,0.0,0,8,15.7
2025-01-04T22:00,-2.2,-7.9,0.0,0.0,0.0,0.0,0,12,16.2
2025-01-04T23:00,-2.4,-8.1,0.0,0.0,0.0,0.0,0,1,16.2
2025-01-05T00:00,-2.8,-8.4,0.0,0.0,0.0,0.0,1,23,15.3
2025-01-05T01:00,-3.1,-8.6,0.0,0.0,0.0,0.0,1,35,14.8
2025-01-05T02:00,-3.3,-9.0,0.0,0.0,0.0,0.0,1,23,15.7
2025-01-05T03:00,-3.5,-8.9,0.0,0.0,0.0,0.0,0,16,14.1
2025-01-05T04:00,-3.5,-8.8,0.0,0.0,0.0,0.0,0,7,13.7
2025-01-05T05:00,-3.5,-8.7,0.0,0.0,0.0,0.0,0,10,12.6
2025-01-05T06:00,-3.4,-8.7,0.0,0.0,0.0,0.0,0,15,13.4
2025-01-05T07:00,-3.2,-8.5,0.0,0.0,0.0,0.0,1,44,13.2
2025-01-05T08:00,-3.2,-8.5,0.0,0.0,0.0,0.0,3,90,13.4
2025-01-05T09:00,-2.9,-8.1,0.0,0.0,0.0,0.0,2,74,13.2
2025-01-05T10:00,-2.3,-7.5,0.0,0.0,0.0,0.0,3,97,13.8
2025-01-05T11:00,-1.5,-7.3,0.0,0.0,0.0,0.0,3,100,17.8
2025-01-05T12:00,-0.8,-6.7,0.0,0.0,0.0,0.0,3,100,18.2
2025-01-05T13:00,-0.5,-6.4,0.0,0.0,0.0,0.0,3,100,18.5
2025-01-05T14:00,-0.2,-6.3,0.0,0.0,0.0,0.0,2,69,19.4
2025-01-05T15:00,0.3,-5.7,0.0,0.0,0.0,0.0,0,1,18.8
2025-01-05T16:00,0.0,-5.9,0.0,0.0,0.0,0.0,0,8,17.6
2025-01-05T17:00,-0.8,-6.3,0.0,0.0,0.0,0.0,1,33,14.8
2025-01-05T18:00,-1.7,-6.9,0.0,0.0,0.0,0.0,0,10,13.1
2025-01-05T19:00,-2.0,-7.0,0.0,0.0,0.0,0.0,2,77,12.1
2025-01-05T20:00,-2.1,-7.3,0.0,0.0,0.0,0.0,2,67,13.3
2025-01-05T21:00,-2.0,-7.0,0.0,0.0,0.0,0.0,3,97,12.4
2025-01-05T22:00,-2.2,-7.0,0.0,0.0,0.0,0.0,3,100,11.6
2025-01-05T23:00,-2.3,-7.0,0.0,0.0,0.0,0.0,3,100,10.8
2025-01-06T00:00,-2.4,-6.9,0.0,0.0,0.0,0.0,3,100,9.8
2025-01-06T01:00,-2.6,-7.0,0.0,0.0,0.0,0.0,3,100,9.4
2025-01-06T02:00,-2.5,-6.9,0.0,0.0,0.0,0.0,3,100,9.5
2025-01-06T03:00,-2.4,-6.7,0.0,0.0,0.0,0.0,3,100,8.6
2025-01-06T04:00,-2.4,-6.6,0.0,0.0,0.0,0.0,3,100,7.9
2025-01-06T05:00,-2.4,-6.1,0.0,0.0,0.0,0.0,3,100,5.3
2025-01-06T06:00,-2.2,-5.6,0.0,0.0,0.0,0.0,3,100,4.0
2025-01-06T07:00,-2.1,-5.4,0.0,0.0,0.0,0.0,3,100,3.2
2025-01-06T08:00,-2.1,-5.3,0.0,0.0,0.0,0.0,3,100,3.1
2025-01-06T09:00,-2.1,-5.4,0.1,0.0,0.07,0.0,71,100,3.8
2025-01-06T10:00,-2.0,-5.1,0.1,0.0,0.07,0.0,71,100,2.3
2025-01-06T11:00,-1.7,-4.6,0.2,0.0,0.14,0.0,71,100,0.9
2025-01-06T12:00,-1.7,-4.6,0.3,0.0,0.21,0.0,73,100,1.0
2025-01-06T13:00,-1.8,-4.9,0.5,0.0,0.35,0.01,73,100,2.9
2025-01-06T14:00,-1.7,-4.9,0.3,0.0,0.21,0.01,73,100,3.2
2025-01-06T15:00,-1.8,-5.1,0.1,0.0,0.07,0.01,71,100,4.3
2025-01-06T16:00,-1.6,-5.2,0.0,0.0,0.0,0.02,3,100,6.8
2025-01-06T17:00,-1.5,-5.4,0.0,0.0,0.0,0.02,3,100,8.2
2025-01-06T18:00,-1.6,-5.5,0.0,0.0,0.0,0.02,3,96,7.7
2025-01-06T19:00,-2.3,-6.9,0.0,0.0,0.0,0.02,3,100,11.8
2025-01-06T20:00,-3.1,-7.7,0.0,0.0,0.0,0.02,3,100,11.6
2025-01-06T21:00,-3.7,-8.9,0.0,0.0,0.0,0.02,3,100,14.1
2025-01-06T22:00,-3.8,-9.5,0.0,0.0,0.0,0.02,3,100,17.3
2025-01-06T23:00,-4.6,-10.5,0.0,0.0,0.0,0.02,3,100,18.2
2025-01-07T00:00,-5.9,-11.9,0.0,0.0,0.0,0.02,3,100,18.3
2025-01-07T01:00,-7.2,-13.3,0.0,0.0,0.0,0.02,3,100,18.3
2025-01-07T02:00,-8.1,-14.4,0.0,0.0,0.0,0.02,3,100,19.4
2025-01-07T03:00,-8.6,-15.3,0.0,0.0,0.0,0.02,3,83,22.0
2025-01-07T04:00,-8.5,-15.0,0.0,0.0,0.0,0.02,2,60,20.1
2025-01-07T05:00,-8.0,-14.1,0.0,0.0,0.0,0.02,2,52,18.0
2025-01-07T06:00,-7.4,-13.2,0.0,0.0,0.0,0.01,1,23,16.5
2025-01-07T07:00,-7.2,-12.8,0.0,0.0,0.0,0.01,3,98,14.9
2025-01-07T08:00,-6.7,-12.6,0.0,0.0,0.0,0.01,1,25,17.3
2025-01-07T09:00,-6.0,-12.1,0.0,0.0,0.0,0.01,0,12,18.4
2025-01-07T10:00,-5.4,-11.4,0.0,0.0,0.0,0.01,3,97,18.5
2025-01-07T11:00,-5.1,-12.7,0.0,0.0,0.0,0.01,3,80,29.6
2025-01-07T12:00,-4.2,-10.5,0.0,0.0,0.0,0.01,3,100,20.8
2025-01-07T13:00,-3.4,-11.2,0.0,0.0,0.0,0.01,3,96,31.2
2025-01-07T14:00,-3.3,-10.9,0.0,0.0,0.0,0.01,3,95,30.2
2025-01-07T15:00,-2.9,-10.3,0.0,0.0,0.0,0.01,3,100,29.3
2025-01-07T16:00,-3.1,-9.9,0.0,0.0,0.0,0.01,3,85,25.2
2025-01-07T17:00,-3.2,-9.1,0.0,0.0,0.0,0.01,3,100,18.5
2025-01-07T18:00,-3.5,-9.7,0.0,0.0,0.0,0.01,2,59,20.7
2025-01-07T19:00,-3.4,-9.4,0.0,0.0,0.0,0.01,3,100,19.1
2025-01-07T20:00,-3.6,-10.2,0.0,0.0,0.0,0.01,2,61,23.8
2025-01-07T21:00,-3.0,-9.0,0.0,0.0,0.0,0.01,1,20,19.0
2025-01-07T22:00,-3.3,-9.2,0.0,0.0,0.0,0.01,3,93,17.4
2025-01-07T23:00,-3.3,-9.2,0.0,0.0,0.0,0.01,3,99,18.1
2025-01-08T00:00,-3.3,-8.8,0.0,0.0,0.0,0.01,3,100,14.9
2025-01-08T01:00,-3.6,-9.8,0.0,0.0,0.0,0.01,3,88,19.6
2025-01-08T02:00,-3.7,-10.0,0.0,0.0,0.0,0.01,1,44,20.4
2025-01-08T03:00,-3.9,-10.4,0.0,0.0,0.0,0.01,2,59,22.0
2025-01-08T04:00,-4.3,-10.8,0.0,0.0,0.0,0.01,2,65,21.6
2025-01-08T05:00,-4.4,-10.7,0.0,0.0,0.0,0.01,3,95,20.1
2025-01-08T06:00,-4.3,-10.3,0.0,0.0,0.0,0.01,3,100,17.8
2025-01-08T07:00,-4.4,-10.2,0.0,0.0,0.0,0.01,3,99,17.0
2025-01-08T08:00,-4.7,-10.6,0.0,0.0,0.0,0.01,1,39,16.9
2025-01-08T09:00,-4.2,-10.4,0.0,0.0,0.0,0.01,0,2,18.8
2025-01-08T10:00,-3.7,-10.1,0.0,0.0,0.0,0.01,0,8,19.4
2025-01-08T11:00,-3.2,-10.0,0.0,0.0,0.0,0.01,2,57,22.5
2025-01-08T12:00,-2.9,-10.3,0.0,0.0,0.0,0.01,3,81,26.7
2025-01-08T13:00,-2.7,-9.7,0.0,0.0,0.0,0.01,1,40,24.2
2025-01-08T14:00,-2.4,-9.8,0.0,0.0,0.0,0.01,2,76,26.6
2025-01-08T15:00,-2.6,-9.8,0.0,0.0,0.0,0.01,1,45,25.0
2025-01-08T16:00,-3.3,-10.4,0.0,0.0,0.0,0.01,1,21,24.4
2025-01-08T17:00,-4.4,-11.4,0.0,0.0,0.0,0.01,1,25,23.1
2025-01-08T18:00,-5.6,-12.2,0.0,0.0,0.0,0.01,0,11,20.7
2025-01-08T19:00,-6.2,-12.7,0.0,0.0,0.0,0.01,1,22,19.9
2025-01-08T20:00,-6.6,-13.1,0.0,0.0,0.0,0.0,1,28,19.9
2025-01-08T21:00,-5.5,-12.2,0.0,0.0,0.0,0.0,2,60,21.1
2025-01-08T22:00,-5.7,-11.9,0.0,0.0,0.0,0.0,2,58,17.9
2025-01-08T23:00,-6.1,-12.2,0.0,0.0,0.0,0.0,1,24,17.8
2025-01-09T00:00,-6.4,-12.6,0.0,0.0,0.0,0.0,2,75,18.4
2025-01-09T01:00,-6.6,-12.6,0.0,0.0,0.0,0.0,2,73,17.5
2025-01-09T02:00,-6.3,-12.7,0.0,0.0,0.0,0.0,3,93,20.3
2025-01-09T03:00,-6.0,-13.0,0.0,0.0,0.0,0.0,3,100,23.6
2025-01-09T04:00,-5.8,-12.4,0.0,0.0,0.0,0.0,2,68,21.5
2025-01-09T05:00,-5.8,-12.4,0.0,0.0,0.0,0.0,3,83,21.9
2025-01-09T06:00,-5.8,-12.5,0.0,0.0,0.0,0.0,3,85,22.0
2025-01-09T07:00,-5.8,-12.5,0.0,0.0,0.0,0.0,1,44,22.0
2025-01-09T08:00,-5.8,-12.5,0.0,0.0,0.0,0.0,1,48,21.6
2025-01-09T09:00,-4.7,-11.6,0.0,0.0,0.0,0.0,1,35,23.8
2025-01-09T10:00,-4.2,-10.9,0.0,0.0,0.0,0.0,1,32,22.2
2025-01-09T11:00,-3.7,-10.7,0.0,0.0,0.0,0.0,3,80,24.1
2025-01-09T12:00,-3.1,-10.0,0.0,0.0,0.0,0.0,1,21,23.5
2025-01-09T13:00,-2.1,-9.3,0.0,0.0,0.0,0.0,0,17,25.1
2025-01-09T14:00,-1.8,-9.3,0.0,0.0,0.0,0.0,1,48,27.4
2025-01-09T15:00,-1.7,-9.1,0.0,0.0,0.0,0.0,1,36,27.4
2025-01-09T16:00,-2.4,-10.3,0.0,0.0,0.0,0.0,2,59,31.1
2025-01-09T17:00,-2.9,-9.9,0.0,0.0,0.0,0.0,2,61,25.4
2025-01-09T18:00,-3.8,-11.1,0.0,0.0,0.0,0.0,2,67,27.9
2025-01-09T19:00,-3.6,-10.4,0.0,0.0,0.0,0.0,3,87,24.6
2025-01-09T20:00,-3.8,-10.9,0.0,0.0,0.0,0.0,3,92,26.8
2025-01-09T21:00,-2.3,-9.0,0.0,0.0,0.0,0.0,1,30,24.0
2025-01-09T22:00,-2.1,-8.7,0.0,0.0,0.0,0.0,1,26,23.7
2025-01-09T23:00,-2.0,-8.5,0.0,0.0,0.0,0.0,0,19,23.1
2025-01-10T00:00,-2.3,-8.8,0.0,0.0,0.0,0.0,0,15,22.9
2025-01-10T01:00,-2.6,-9.2,0.0,0.0,0.0,0.0,1,22,23.0
2025-01-10T02:00,-2.9,-9.5,0.0,0.0,0.0,0.0,1,38,23.5
2025-01-10T03:00,-3.2,-9.7,0.0,0.0,0.0,0.0,1,20,23.1
2025-01-10T04:00,-3.2,-9.6,0.0,0.0,0.0,0.0,1,27,21.9
2025-01-10T05:00,-3.4,-9.6,0.0,0.0,0.0,0.0,0,6,21.0
2025-01-10T06:00,-3.5,-9.5,0.0,0.0,0.0,0.0,0,13,19.4
2025-01-10T07:00,-3.5,-9.3,0.0,0.0,0.0,0.0,1,21,18.1
2025-01-10T08:00,-3.7,-9.4,0.0,0.0,0.0,0.0,0,15,17.3
2025-01-10T09:00,-2.5,-8.2,0.0,0.0,0.0,0.0,3,86,17.2
2025-01-10T10:00,-1.4,-6.9,0.0,0.0,0.0,0.0,3,85,15.9
2025-01-10T11:00,-0.4,-5.7,0.0,0.0,0.0,0.0,2,75,14.0
2025-01-10T12:00,1.2,-3.9,0.0,0.0,0.0,0.0,0,8,12.7
2025-01-10T13:00,2.5,-2.7,0.0,0.0,0.0,0.0,0,11,13.0
2025-01-10T14:00,3.2,-1.9,0.0,0.0,0.0,0.0,2,76,13.0
2025-01-10T15:00,3.3,-1.6,0.0,0.0,0.0,0.0,3,98,11.7
2025-01-10T16:00,3.0,-1.7,0.0,0.0,0.0,0.0,3,100,10.7
2025-01-10T17:00,2.0,-2.3,0.0,0.0,0.0,0.0,3,100,7.8
2025-01-10T18:00,0.8,-3.3,0.0,0.0,0.0,0.0,3,99,6.8
2025-01-10T19:00,0.1,-4.1,0.0,0.0,0.0,0.0,3,100,7.0
2025-01-10T20:00,-0.7,-5.1,0.0,0.0,0.0,0.0,3,100,8.6
2025-01-10T21:00,0.2,-3.9,0.0,0.0,0.0,0.0,3,100,7.3
2025-01-10T22:00,-0.3,-4.1,0.0,0.0,0.0,0.0,3,100,6.0
2025-01-10T23:00,-0.3,-3.8,0.0,0.0,0.0,0.0,3,100,3.6
2025-01-11T00:00,-0.6,-3.8,0.0,0.0,0.0,0.0,3,97,2.7
2025-01-11T01:00,-0.7,-4.0,0.0,0.0,0.0,0.0,3,100,2.7
2025-01-11T02:00,-0.7,-4.1,0.0,0.0,0.0,0.0,3,100,4.0
2025-01-11T03:00,-1.2,-4.1,0.6,0.0,0.42,0.0,73,100,1.1
2025-01-11T04:00,-1.5,-5.2,0.1,0.0,0.07,0.0,71,100,5.9
2025-01-11T05:00,-1.8,-5.9,0.1,0.0,0.07,0.0,71,100,7.5
2025-01-11T06:00,-2.6,-6.0,0.6,0.0,0.42,0.0,73,100,3.9
2025-01-11T07:00,-2.8,-5.9,0.4,0.0,0.28,0.0,73,100,2.4
2025-01-11T08:00,-2.8,-6.0,0.1,0.0,0.07,0.0,71,100,3.1
2025-01-11T09:00,-2.6,-5.9,0.0,0.0,0.0,0.0,3,100,3.5
2025-01-11T10:00,-2.2,-5.5,0.0,0.0,0.0,0.0,3,100,4.4
2025-01-11T11:00,-1.3,-5.1,0.0,0.0,0.0,0.0,3,93,7.3
2025-01-11T12:00,-0.5,-4.5,0.0,0.0,0.0,0.0,3,100,9.0
2025-01-11T13:00,-0.1,-4.4,0.0,0.0,0.0,0.0,3,98,11.1
2025-01-11T14:00,0.1,-4.5,0.0,0.0,0.0,0.0,3,96,12.6
2025-01-11T15:00,0.4,-4.6,0.0,0.0,0.0,0.0,3,100,15.2
2025-01-11T16:00,0.4,-4.3,0.0,0.0,0.0,0.0,3,100,13.1
2025-01-11T17:00,0.3,-4.4,0.0,0.0,0.0,0.0,3,100,12.9
2025-01-11T18:00,-0.4,-5.6,0.0,0.0,0.0,0.0,3,86,16.3
2025-01-11T19:00,-1.2,-6.4,0.0,0.0,0.0,0.0,1,20,15.8
2025-01-11T20:00,-1.8,-7.2,0.0,0.0,0.0,0.0,0,13,16.3
2025-01-11T21:00,-1.5,-7.0,0.0,0.0,0.0,0.0,0,4,17.4
2025-01-11T22:00,-1.7,-7.2,0.0,0.0,0.0,0.0,0,5,17.3
2025-01-11T23:00,-1.7,-7.2,0.0,0.0,0.0,0.0,0,17,16.6
2025-01-12T00:00,-1.5,-6.8,0.0,0.0,0.0,0.0,0,5,15.8
2025-01-12T01:00,-1.6,-6.7,0.0,0.0,0.0,0.0,2,74,15.3
2025-01-12T02:00,-1.2,-6.1,0.0,0.0,0.0,0.0,3,99,14.4
2025-01-12T03:00,-0.8,-5.6,0.0,0.0,0.0,0.0,3,99,13.3
2025-01-12T04:00,-0.6,-5.4,0.0,0.0,0.0,0.0,1,46,13.2
2025-01-12T05:00,-0.9,-5.5,0.0,0.0,0.0,0.0,0,12,11.6
2025-01-12T06:00,-1.2,-5.7,0.0,0.0,0.0,0.0,0,9,11.3
2025-01-12T07:00,-1.4,-5.9,0.0,0.0,0.0,0.0,0,10,10.6
2025-01-12T08:00,-1.6,-5.7,0.0,0.0,0.0,0.0,0,3,8.2
2025-01-12T09:00,-0.9,-5.0,0.0,0.0,0.0,0.0,0,2,8.0
2025-01-12T10:00,0.9,-3.6,0.0,0.0,0.0,0.0,0,2,10.8
2025-01-12T11:00,2.3,-1.8,0.0,0.0,0.0,0.0,0,0,7.7
2025-01-12T12:00,3.3,-1.0,0.0,0.0,0.0,0.0,0,10,9.3
2025-01-12T13:00,4.3,-0.3,0.0,0.0,0.0,0.0,3,86,11.7
2025-01-12T14:00,4.6,0.2,0.0,0.0,0.0,0.0,3,94,10.8
2025-01-12T15:00,4.6,0.3,0.0,0.0,0.0,0.0,2,78,10.1
2025-01-12T16:00,4.2,0.3,0.0,0.0,0.0,0.0,0,0,7.8
2025-01-12T17:00,2.9,-0.1,0.0,0.0,0.0,0.0,0,6,3.7
2025-01-12T18:00,1.0,-2.4,0.0,0.0,0.0,0.0,0,0,3.8
2025-01-12T19:00,0.2,-3.4,0.0,0.0,0.0,0.0,0,0,5.1
2025-01-12T20:00,-0.4,-3.7,0.0,0.0,0.0,0.0,0,1,4.4
2025-01-12T21:00,-0.7,-4.0,0.0,0.0,0.0,0.0,2,63,4.0
2025-01-12T22:00,-1.2,-4.5,0.0,0.0,0.0,0.0,0,19,3.5
2025-01-12T23:00,-1.4,-4.6,0.0,0.0,0.0,0.0,3,100,3.5
2025-01-13T00:00,-0.3,-3.6,0.0,0.0,0.0,0.0,3,100,4.6
2025-01-13T01:00,-0.1,-3.5,0.0,0.0,0.0,0.0,3,100,5.1
2025-01-13T02:00,0.0,-3.5,0.0,0.0,0.0,0.0,2,66,5.9
2025-01-13T03:00,-0.8,-4.2,0.0,0.0,0.0,0.0,2,69,5.1
2025-01-13T04:00,-1.0,-4.6,0.0,0.0,0.0,0.0,3,80,5.9
2025-01-13T05:00,-1.2,-4.9,0.0,0.0,0.0,0.0,1,43,6.1
2025-01-13T06:00,-1.6,-5.4,0.0,0.0,0.0,0.0,0,11,7.1
2025-01-13T07:00,-1.7,-5.6,0.0,0.0,0.0,0.0,0,0,7.4
2025-01-13T08:00,-1.9,-5.8,0.0,0.0,0.0,0.0,0,0,7.3
2025-01-13T09:00,-1.2,-5.2,0.0,0.0,0.0,0.0,0,5,8.6
2025-01-13T10:00,0.2,-3.7,0.0,0.0,0.0,0.0,2,50,7.9
2025-01-13T11:00,1.4,-2.5,0.0,0.0,0.0,0.0,3,100,7.9
2025-01-13T12:00,1.9,-1.8,0.0,0.0,0.0,0.0,2,78,7.0
2025-01-13T13:00,3.7,-0.2,0.0,0.0,0.0,0.0,0,3,8.5
2025-01-13T14:00,5.0,1.0,0.0,0.0,0.0,0.0,0,4,10.0
2025-01-13T15:00,6.4,1.8,0.0,0.0,0.0,0.0,1,31,13.7
2025-01-13T16:00,6.1,0.8,0.0,0.0,0.0,0.0,1,43,17.8
2025-01-13T17:00,4.9,-0.3,0.0,0.0,0.0,0.0,2,72,16.7
2025-01-13T18:00,3.5,-1.6,0.0,0.0,0.0,0.0,0,0,15.3
2025-01-13T19:00,2.2,-2.4,0.0,0.0,0.0,0.0,0,0,11.2
2025-01-13T20:00,1.3,-3.5,0.0,0.0,0.0,0.0,0,0,12.0
2025-01-13T21:00,0.9,-3.3,0.0,0.0,0.0,0.0,0,1,9.3
2025-01-13T22:00,0.6,-3.8,0.0,0.0,0.0,0.0,0,0,10.0
2025-01-13T23:00,0.5,-4.2,0.0,0.0,0.0,0.0,0,0,12.0
2025-01-14T00:00,0.3,-4.5,0.0,0.0,0.0,0.0,0,0,12.0
2025-01-14T01:00,-0.5,-4.9,0.0,0.0,0.0,0.0,0,0,9.7
2025-01-14T02:00,-1.1,-5.5,0.0,0.0,0.0,0.0,0,0,9.6
2025-01-14T03:00,-1.7,-6.2,0.0,0.0,0.0,0.0,0,0,10.0
2025-01-14T04:00,-2.2,-6.9,0.0,0.0,0.0,0.0,0,7,11.4
2025-01-14T05:00,-2.7,-7.6,0.0,0.0,0.0,0.0,0,3,11.9
2025-01-14T06:00,-3.1,-8.1,0.0,0.0,0.0,0.0,0,8,12.2
2025-01-14T07:00,-3.4,-8.8,0.0,0.0,0.0,0.0,0,1,14.5
2025-01-14T08:00,-3.7,-9.4,0.0,0.0,0.0,0.0,0,1,15.5
2025-01-14T09:00,-2.9,-8.6,0.0,0.0,0.0,0.0,1,27,16.3
2025-01-14T10:00,-2.3,-8.0,0.0,0.0,0.0,0.0,0,3,16.4
2025-01-14T11:00,-1.8,-8.3,0.0,0.0,0.0,0.0,0,0,21.0
2025-01-14T12:00,-1.6,-8.3,0.0,0.0,0.0,0.0,0,0,21.7
2025-01-14T13:00,-0.4,-7.2,0.0,0.0,0.0,0.0,3,91,22.2
2025-01-14T14:00,-0.3,-6.5,0.0,0.0,0.0,0.0,3,99,19.1
2025-01-14T15:00,-0.1,-6.0,0.0,0.0,0.0,0.0,2,60,17.3
2025-01-14T16:00,0.3,-5.7,0.0,0.0,0.0,0.0,0,5,17.3
2025-01-14T17:00,-0.5,-5.9,0.0,0.0,0.0,0.0,0,17,14.1
2025-01-14T18:00,-1.7,-6.7,0.0,0.0,0.0,0.0,1,39,11.3
2025-01-14T19:00,-2.3,-7.5,0.0,0.0,0.0,0.0,2,75,12.4
2025-01-14T20:00,-2.6,-7.8,0.0,0.0,0.0,0.0,3,91,12.8
2025-01-14T21:00,-2.2,-7.6,0.0,0.0,0.0,0.0,3,93,14.4
2025-01-14T22:00,-2.6,-7.9,0.0,0.0,0.0,0.0,3,100,13.7
2025-01-14T23:00,-2.6,-8.0,0.0,0.0,0.0,0.0,2,77,14.0
2025-01-15T00:00,-3.5,-9.4,0.0,0.0,0.0,0.0,1,46,16.8
2025-01-15T01:00,-4.4,-10.0,0.0,0.0,0.0,0.0,0,3,14.6
2025-01-15T02:00,-5.0,-10.3,0.0,0.0,0.0,0.0,0,3,12.7
2025-01-15T03:00,-5.3,-11.3,0.0,0.0,0.0,0.0,0,1,17.5
2025-01-15T04:00,-5.5,-11.4,0.0,0.0,0.0,0.0,0,3,16.3
2025-01-15T05:00,-5.6,-11.2,0.0,0.0,0.0,0.01,0,2,14.2
2025-01-15T06:00,-5.4,-11.3,0.0,0.0,0.0,0.01,1,34,16.0
2025-01-15T07:00,-5.0,-10.6,0.0,0.0,0.0,0.01,2,53,14.8
2025-01-15T08:00,-4.6,-10.3,0.0,0.0,0.0,0.01,2,50,15.9
2025-01-15T09:00,-4.2,-10.1,0.0,0.0,0.0,0.01,0,14,17.4
2025-01-15T10:00,-3.2,-9.1,0.0,0.0,0.0,0.01,1,27,17.1
2025-01-15T11:00,-2.2,-9.3,0.0,0.0,0.0,0.02,2,71,25.2
2025-01-15T12:00,-1.7,-8.2,0.0,0.0,0.0,0.02,2,68,21.4
2025-01-15T13:00,-1.3,-7.9,0.0,0.0,0.0,0.02,3,99,21.9
2025-01-15T14:00,-1.4,-7.9,0.0,0.0,0.0,0.02,1,44,21.0
2025-01-15T15:00,-1.3,-7.8,0.0,0.0,0.0,0.02,2,65,21.3
2025-01-15T16:00,-1.5,-7.7,0.0,0.0,0.0,0.02,2,72,19.3
2025-01-15T17:00,-1.9,-8.0,0.0,0.0,0.0,0.02,1,23,17.8
2025-01-15T18:00,-2.8,-8.3,0.0,0.0,0.0,0.01,0,4,14.3
2025-01-15T19:00,-3.3,-8.5,0.0,0.0,0.0,0.01,1,43,12.2
2025-01-15T20:00,-3.2,-8.1,0.0,0.0,0.0,0.01,3,99,10.4
2025-01-15T21:00,-3.0,-7.9,0.0,0.0,0.0,0.01,0,4,11.3
2025-01-15T22:00,-3.1,-7.8,0.0,0.0,0.0,0.01,0,1,9.6
2025-01-15T23:00,-3.4,-7.6,0.0,0.0,0.0,0.01,0,13,6.9
2025-01-16T00:00,-3.6,-7.6,0.0,0.0,0.0,0.01,2,68,5.2
2025-01-16T01:00,-3.6,-7.5,0.0,0.0,0.0,0.01,3,100,5.3
2025-01-16T02:00,-3.2,-7.2,0.0,0.0,0.0,0.01,3,81,5.9
2025-01-16T03:00,-3.3,-7.4,0.0,0.0,0.0,0.01,1,27,6.7
2025-01-16T04:00,-3.6,-8.2,0.0,0.0,0.0,0.01,0,8,10.1
2025-01-16T05:00,-4.1,-8.9,0.0,0.0,0.0,0.01,2,56,9.9
2025-01-16T06:00,-4.6,-9.1,0.0,0.0,0.0,0.01,3,83,7.9
2025-01-16T07:00,-5.0,-9.4,0.0,0.0,0.0,0.01,3,87,7.6
2025-01-16T08:00,-5.5,-9.9,0.0,0.0,0.0,0.01,1,22,7.1
2025-01-16T09:00,-5.5,-10.1,0.0,0.0,0.0,0.01,2,79,8.0
2025-01-16T10:00,-4.8,-9.4,0.0,0.0,0.0,0.01,1,27,7.9
2025-01-16T11:00,-3.6,-8.2,0.0,0.0,0.0,0.01,1,30,7.9
2025-01-16T12:00,-2.4,-7.1,0.0,0.0,0.0,0.01,3,80,8.2
2025-01-16T13:00,-1.5,-6.5,0.0,0.0,0.0,0.01,3,100,10.6
2025-01-16T14:00,-0.7,-5.7,0.0,0.0,0.0,0.01,3,100,10.5
2025-01-16T15:00,-1.1,-6.1,0.0,0.0,0.0,0.01,3,100,10.8
2025-01-16T16:00,-1.3,-6.1,0.0,0.0,0.0,0.01,3,100,10.3
2025-01-16T17:00,-1.9,-6.6,0.1,0.0,0.07,0.01,71,100,9.7
2025-01-16T18:00,-2.3,-6.6,0.1,0.0,0.07,0.01,71,100,7.5
2025-01-16T19:00,-2.5,-6.4,0.0,0.0,0.0,0.01,3,100,5.2
2025-01-16T20:00,-2.4,-6.4,0.0,0.0,0.0,0.01,3,100,5.5
2025-01-16T21:00,-2.5,-6.7,0.1,0.0,0.07,0.01,71,100,8.4
2025-01-16T22:00,-2.7,-6.7,0.1,0.0,0.07,0.01,71,97,7.4
2025-01-16T23:00,-2.7,-6.8,0.0,0.0,0.0,0.01,3,96,8.1
2025-01-17T00:00,-3.0,-7.1,0.0,0.0,0.0,0.01,2,54,8.5
2025-01-17T01:00,-3.4,-7.4,0.0,0.0,0.0,0.01,1,48,7.8
2025-01-17T02:00,-3.5,-7.6,0.0,0.0,0.0,0.01,0,7,7.8
2025-01-17T03:00,-3.9,-7.9,0.0,0.0,0.0,0.01,0,1,7.2
2025-01-17T04:00,-4.1,-8.2,0.0,0.0,0.0,0.01,0,7,7.2
2025-01-17T05:00,-4.4,-8.3,0.0,0.0,0.0,0.01,0,3,6.5
2025-01-17T06:00,-4.4,-8.7,0.0,0.0,0.0,0.01,0,0,8.2
2025-01-17T07:00,-4.2,-8.8,0.0,0.0,0.0,0.01,0,0,10.8
2025-01-17T08:00,-4.1,-8.6,0.0,0.0,0.0,0.01,0,0,9.8
2025-01-17T09:00,-4.0,-8.3,0.0,0.0,0.0,0.01,0,3,8.0
2025-01-17T10:00,-2.1,-6.3,0.0,0.0,0.0,0.01,0,10,7.6
2025-01-17T11:00,-0.1,-4.1,0.0,0.0,0.0,0.01,0,3,6.2
2025-01-17T12:00,1.7,-2.4,0.0,0.0,0.0,0.01,0,0,6.9
2025-01-17T13:00,3.2,-1.0,0.0,0.0,0.0,0.01,0,3,7.4
2025-01-17T14:00,4.5,0.1,0.0,0.0,0.0,0.01,3,86,9.7
2025-01-17T15:00,4.8,0.4,0.0,0.0,0.0,0.01,3,100,10.5
2025-01-17T16:00,4.8,1.3,0.0,0.0,0.0,0.01,3,100,5.0
2025-01-17T17:00,3.9,0.5,0.0,0.0,0.0,0.01,3,87,5.0
2025-01-17T18:00,2.5,-1.3,0.0,0.0,0.0,0.01,1,27,7.1
2025-01-17T19:00,1.5,-2.5,0.0,0.0,0.0,0.01,0,3,8.0
2025-01-17T20:00,1.0,-3.1,0.0,0.0,0.0,0.01,1,35,8.5
2025-01-17T21:00,0.9,-2.9,0.0,0.0,0.0,0.01,0,0,6.7
2025-01-17T22:00,0.6,-3.4,0.0,0.0,0.0,0.01,0,4,8.3
2025-01-17T23:00,-0.1,-4.1,0.0,0.0,0.0,0.01,0,0,8.4
2025-01-18T00:00,-0.2,-4.6,0.0,0.0,0.0,0.01,0,0,10.7
2025-01-18T01:00,-0.5,-4.8,0.0,0.0,0.0,0.01,3,98,10.5
2025-01-18T02:00,-0.8,-5.0,0.0,0.0,0.0,0.01,3,99,9.6
2025-01-18T03:00,-0.8,-5.1,0.0,0.0,0.0,0.01,3,99,10.5
2025-01-18T04:00,-0.8,-5.1,0.0,0.0,0.0,0.01,1,24,10.1
2025-01-18T05:00,-0.6,-5.0,0.0,0.0,0.0,0.01,3,96,11.0
2025-01-18T06:00,-0.2,-4.6,0.0,0.0,0.0,0.01,3,100,11.2
2025-01-18T07:00,0.3,-4.0,0.0,0.0,0.0,0.01,3,100,10.8
2025-01-18T08:00,0.8,-3.5,0.0,0.0,0.0,0.01,3,100,11.5
2025-01-18T09:00,2.1,-2.2,0.0,0.0,0.0,0.01,3,100,12.6
2025-01-18T10:00,3.4,-0.7,0.0,0.0,0.0,0.01,3,100,12.8
2025-01-18T11:00,5.2,1.6,0.0,0.0,0.0,0.01,3,100,10.3
2025-01-18T12:00,6.0,1.9,0.0,0.0,0.0,0.01,3,100,14.6
2025-01-18T13:00,6.5,2.6,0.0,0.0,0.0,0.01,3,100,14.4
2025-01-18T14:00,6.2,2.9,0.1,0.1,0.0,0.01,51,100,11.9
2025-01-18T15:00,5.8,3.0,0.6,0.6,0.0,0.01,53,100,8.8
2025-01-18T16:00,5.0,2.9,0.6,0.6,0.0,0.01,53,100,4.8
2025-01-18T17:00,5.0,3.1,0.2,0.2,0.0,0.01,51,100,3.7
2025-01-18T18:00,4.6,2.8,0.7,0.7,0.0,0.01,53,100,2.3
2025-01-18T19:00,4.1,2.0,0.0,0.0,0.0,0.01,3,100,3.7
2025-01-18T20:00,4.0,1.5,0.0,0.0,0.0,0.01,2,79,6.5
2025-01-18T21:00,4.5,2.2,0.0,0.0,0.0,0.01,1,45,6.2
2025-01-18T22:00,3.8,1.4,0.0,0.0,0.0,0.01,3,82,5.4
2025-01-18T23:00,3.0,0.2,0.0,0.0,0.0,0.01,1,22,7.3
2025-01-19T00:00,2.2,-1.1,0.0,0.0,0.0,0.01,1,21,9.6
2025-01-19T01:00,1.5,-1.7,0.0,0.0,0.0,0.01,0,1,8.5
2025-01-19T02:00,1.0,-2.3,0.0,0.0,0.0,0.01,0,1,8.6
2025-01-19T03:00,0.7,-2.7,0.0,0.0,0.0,0.01,0,1,7.9
2025-01-19T04:00,0.8,-3.0,0.0,0.0,0.0,0.01,0,1,10.7
2025-01-19T05:00,0.8,-2.8,0.0,0.0,0.0,0.01,0,0,9.6
2025-01-19T06:00,0.5,-3.2,0.0,0.0,0.0,0.01,0,0,9.7
2025-01-19T07:00,0.2,-3.5,0.0,0.0,0.0,0.01,1,20,9.5
2025-01-19T08:00,-0.3,-4.0,0.0,0.0,0.0,0.01,2,78,10.1
2025-01-19T09:00,1.7,-1.7,0.0,0.0,0.0,0.01,3,100,9.3
2025-01-19T10:00,2.2,-0.8,0.0,0.0,0.0,0.01,3,100,6.5
2025-01-19T11:00,2.6,-0.9,0.0,0.0,0.0,0.01,3,100,9.7
2025-01-19T12:00,2.4,-0.9,0.1,0.1,0.0,0.01,51,100,8.3
2025-01-19T13:00,2.1,-1.6,0.2,0.2,0.0,0.01,51,100,10.0
2025-01-19T14:00,1.9,-1.7,0.1,0.1,0.0,0.01,51,100,8.5
2025-01-19T15:00,1.5,-2.0,0.3,0.0,0.21,0.01,73,100,7.4
2025-01-19T16:00,1.0,-2.6,0.9,0.0,0.63,0.01,73,100,8.8
2025-01-19T17:00,0.4,-3.9,0.6,0.0,0.42,0.01,73,100,13.8
2025-01-19T18:00,-0.1,-4.5,0.4,0.1,0.21,0.02,73,100,13.9
2025-01-19T19:00,-1.0,-6.0,1.1,0.0,0.77,0.02,73,100,17.3
2025-01-19T20:00,-1.7,-7.0,2.0,0.0,1.4,0.03,75,100,18.7
2025-01-19T21:00,-1.4,-6.3,1.6,0.0,1.12,0.04,75,100,16.4
2025-01-19T22:00,-1.8,-7.2,0.9,0.0,0.63,0.04,73,100,18.9
2025-01-19T23:00,-2.4,-7.6,0.2,0.0,0.14,0.05,71,96,17.0
2025-01-20T00:00,-2.8,-7.8,0.0,0.0,0.0,0.05,3,100,15.3
2025-01-20T01:00,-3.8,-8.8,0.1,0.0,0.07,0.05,71,100,14.8
2025-01-20T02:00,-5.1,-10.3,0.1,0.0,0.07,0.05,71,100,14.6
2025-01-20T03:00,-6.0,-11.4,0.0,0.0,0.0,0.05,3,97,15.2
2025-01-20T04:00,-7.0,-12.8,0.0,0.0,0.0,0.05,0,17,17.1
2025-01-20T05:00,-8.3,-14.1,0.0,0.0,0.0,0.05,0,0,16.0
2025-01-20T06:00,-9.0,-14.6,0.0,0.0,0.0,0.05,0,0,14.3
2025-01-20T07:00,-9.5,-14.9,0.0,0.0,0.0,0.05,0,0,12.7
2025-01-20T08:00,-10.0,-15.3,0.0,0.0,0.0,0.05,0,0,12.2
2025-01-20T09:00,-9.5,-15.0,0.0,0.0,0.0,0.05,0,0,13.3
2025-01-20T10:00,-9.0,-14.3,0.0,0.0,0.0,0.05,0,0,12.0
2025-01-20T11:00,-8.0,-12.5,0.0,0.0,0.0,0.05,0,0,7.7
2025-01-20T12:00,-6.4,-10.8,0.0,0.0,0.0,0.05,0,0,6.7
2025-01-20T13:00,-5.2,-10.9,0.0,0.0,0.0,0.05,2,64,15.7
2025-01-20T14:00,-4.8,-10.2,0.0,0.0,0.0,0.05,2,59,13.8
2025-01-20T15:00,-4.6,-9.8,0.0,0.0,0.0,0.05,3,83,11.9
2025-01-20T16:00,-5.0,-10.0,0.0,0.0,0.0,0.05,1,39,10.8
2025-01-20T17:00,-5.7,-10.4,0.0,0.0,0.0,0.05,2,66,8.6
2025-01-20T18:00,-6.8,-11.2,0.0,0.0,0.0,0.05,3,81,7.2
2025-01-20T19:00,-7.4,-11.6,0.0,0.0,0.0,0.05,3,93,5.6
2025-01-20T20:00,-7.7,-11.9,0.0,0.0,0.0,0.05,3,99,5.8
2025-01-20T21:00,-8.1,-13.1,0.0,0.0,0.0,0.05,1,21,10.4
2025-01-20T22:00,-9.0,-14.1,0.0,0.0,0.0,0.05,0,2,10.3
2025-01-20T23:00,-10.0,-14.9,0.0,0.0,0.0,0.05,0,0,9.2
2025-01-21T00:00,-10.8,-15.6,0.0,0.0,0.0,0.05,0,0,8.5
2025-01-21T01:00,-11.6,-16.5,0.0,0.0,0.0,0.05,0,0,8.6
2025-01-21T02:00,-12.0,-17.1,0.0,0.0,0.0,0.05,0,0,9.7
2025-01-21T03:00,-12.4,-17.4,0.0,0.0,0.0,0.05,0,1,9.1
2025-01-21T04:00,-13.1,-18.0,0.0,0.0,0.0,0.05,1,22,7.9
2025-01-21T05:00,-13.8,-18.5,0.0,0.0,0.0,0.05,1,29,6.9
2025-01-21T06:00,-15.2,-19.8,0.0,0.0,0.0,0.05,1,47,5.6
2025-01-21T07:00,-15.5,-20.2,0.0,0.0,0.0,0.05,1,45,5.9
2025-01-21T08:00,-15.4,-20.1,0.0,0.0,0.0,0.05,2,53,6.8
2025-01-21T09:00,-14.5,-19.4,0.0,0.0,0.0,0.05,1,39,7.3
2025-01-21T10:00,-13.4,-18.1,0.0,0.0,0.0,0.05,2,62,7.1
2025-01-21T11:00,-11.9,-16.6,0.0,0.0,0.0,0.05,2,79,6.7
2025-01-21T12:00,-10.4,-14.9,0.0,0.0,0.0,0.05,3,100,5.6
2025-01-21T13:00,-9.3,-13.7,0.0,0.0,0.0,0.05,3,86,5.4
2025-01-21T14:00,-8.6,-13.2,0.0,0.0,0.0,0.05,3,89,6.1
2025-01-21T15:00,-8.2,-12.9,0.0,0.0,0.0,0.05,3,99,7.2
2025-01-21T16:00,-8.3,-13.2,0.0,0.0,0.0,0.05,3,100,8.3
2025-01-21T17:00,-8.5,-13.5,0.0,0.0,0.0,0.05,3,100,8.9
2025-01-21T18:00,-8.9,-13.7,0.0,0.0,0.0,0.05,3,100,8.4
2025-01-21T19:00,-9.2,-14.1,0.1,0.0,0.07,0.05,71,100,9.0
2025-01-21T20:00,-9.5,-14.4,0.1,0.0,0.07,0.05,71,100,9.4
2025-01-21T21:00,-9.1,-13.9,0.0,0.0,0.0,0.05,3,100,8.6
2025-01-21T22:00,-9.4,-14.4,0.1,0.0,0.07,0.05,71,100,10.3
2025-01-21T23:00,-9.7,-14.7,0.0,0.0,0.0,0.05,3,99,10.3
2025-01-22T00:00,-10.1,-15.3,0.0,0.0,0.0,0.05,3,100,11.2
2025-01-22T01:00,-10.8,-15.8,0.0,0.0,0.0,0.05,3,90,9.3
2025-01-22T02:00,-11.6,-16.6,0.0,0.0,0.0,0.05,0,6,9.2
2025-01-22T03:00,-13.1,-17.8,0.0,0.0,0.0,0.05,0,0,6.9
2025-01-22T04:00,-15.0,-19.6,0.0,0.0,0.0,0.05,0,0,5.5
2025-01-22T05:00,-15.5,-20.1,0.0,0.0,0.0,0.05,0,0,5.2
2025-01-22T06:00,-15.8,-20.5,0.0,0.0,0.0,0.05,0,10,5.6
2025-01-22T07:00,-16.2,-20.9,0.0,0.0,0.0,0.05,0,0,5.8
2025-01-22T08:00,-16.3,-21.0,0.0,0.0,0.0,0.05,0,0,5.6
2025-01-22T09:00,-14.7,-19.2,0.0,0.0,0.0,0.05,0,0,5.2
2025-01-22T10:00,-12.6,-17.3,0.0,0.0,0.0,0.05,0,0,6.4
2025-01-22T11:00,-11.2,-16.3,0.0,0.0,0.0,0.05,0,0,9.6
2025-01-22T12:00,-9.8,-14.8,0.0,0.0,0.0,0.05,0,0,8.2
2025-01-22T13:00,-9.0,-13.7,0.0,0.0,0.0,0.05,0,0,6.2
2025-01-22T14:00,-8.6,-12.8,0.0,0.0,0.0,0.05,0,0,3.2
2025-01-22T15:00,-8.3,-12.5,0.0,0.0,0.0,0.05,0,0,2.6
2025-01-22T16:00,-8.3,-12.2,0.0,0.0,0.0,0.05,0,0,1.2
2025-01-22T17:00,-8.9,-12.7,0.0,0.0,0.0,0.05,0,5,0.3
2025-01-22T18:00,-10.4,-14.3,0.0,0.0,0.0,0.05,1,39,0.8
2025-01-22T19:00,-10.9,-14.9,0.0,0.0,0.0,0.05,3,99,0.8
2025-01-22T20:00,-11.3,-15.3,0.0,0.0,0.0,0.05,3,100,0.8
2025-01-22T21:00,-9.7,-13.7,0.0,0.0,0.0,0.05,3,91,2.5
2025-01-22T22:00,-10.0,-13.9,0.0,0.0,0.0,0.05,3,93,1.7
2025-01-22T23:00,-10.9,-14.9,0.0,0.0,0.0,0.05,1,40,1.6
2025-01-23T00:00,-11.7,-16.0,0.0,0.0,0.0,0.05,2,65,3.8
2025-01-23T01:00,-11.9,-16.0,0.0,0.0,0.0,0.05,1,46,2.3
2025-01-23T02:00,-12.5,-16.9,0.0,0.0,0.0,0.05,0,16,4.1
2025-01-23T03:00,-12.7,-17.2,0.0,0.0,0.0,0.05,3,85,5.1
2025-01-23T04:00,-12.1,-16.6,0.0,0.0,0.0,0.05,3,100,4.7
2025-01-23T05:00,-11.5,-15.9,0.0,0.0,0.0,0.05,3,100,4.4
2025-01-23T06:00,-10.2,-14.2,0.0,0.0,0.0,0.05,3,100,3.0
2025-01-23T07:00,-10.0,-13.8,0.0,0.0,0.0,0.05,3,100,0.7
2025-01-23T08:00,-10.5,-14.2,0.0,0.0,0.0,0.05,3,99,0.6
2025-01-23T09:00,-11.2,-15.2,0.0,0.0,0.0,0.05,3,80,2.0
2025-01-23T10:00,-9.3,-13.2,0.0,0.0,0.0,0.05,2,75,1.8
2025-01-23T11:00,-7.7,-11.7,0.0,0.0,0.0,0.05,2,62,2.2
2025-01-23T12:00,-6.3,-10.3,0.0,0.0,0.0,0.05,3,91,2.8
2025-01-23T13:00,-5.2,-9.5,0.0,0.0,0.0,0.05,3,85,5.3
2025-01-23T14:00,-4.2,-8.6,0.0,0.0,0.0,0.05,0,1,7.3
2025-01-23T15:00,-3.7,-8.1,0.0,0.0,0.0,0.05,0,0,7.0
2025-01-23T16:00,-3.7,-8.2,0.0,0.0,0.0,0.05,0,0,7.3
2025-01-23T17:00,-4.4,-8.6,0.0,0.0,0.0,0.05,0,0,4.9
2025-01-23T18:00,-6.5,-10.9,0.0,0.0,0.0,0.05,0,0,5.8
2025-01-23T19:00,-7.3,-11.8,0.0,0.0,0.0,0.05,0,0,6.6
2025-01-23T20:00,-7.8,-12.3,0.0,0.0,0.0,0.05,0,0,6.5
2025-01-23T21:00,-6.5,-11.2,0.0,0.0,0.0,0.05,0,1,8.4
2025-01-23T22:00,-7.0,-11.7,0.0,0.0,0.0,0.05,0,1,8.5
2025-01-23T23:00,-7.3,-11.9,0.0,0.0,0.0,0.05,0,2,8.2
2025-01-24T00:00,-7.4,-12.2,0.0,0.0,0.0,0.05,0,3,8.9
2025-01-24T01:00,-7.5,-12.3,0.0,0.0,0.0,0.05,0,0,9.4
2025-01-24T02:00,-7.4,-12.3,0.0,0.0,0.0,0.05,0,0,9.8
2025-01-24T03:00,-7.8,-12.5,0.0,0.0,0.0,0.05,0,0,8.3
2025-01-24T04:00,-8.5,-12.9,0.0,0.0,0.0,0.05,0,0,6.7
2025-01-24T05:00,-9.0,-13.4,0.0,0.0,0.0,0.05,0,0,6.6
2025-01-24T06:00,-8.9,-13.4,0.0,0.0,0.0,0.05,0,0,7.0
2025-01-24T07:00,-8.7,-13.2,0.0,0.0,0.0,0.05,0,0,7.6
2025-01-24T08:00,-8.8,-13.3,0.0,0.0,0.0,0.05,0,0,7.5
2025-01-24T09:00,-8.1,-12.9,0.0,0.0,0.0,0.05,0,0,9.3
2025-01-24T10:00,-6.6,-11.0,0.0,0.0,0.0,0.05,0,0,7.6
2025-01-24T11:00,-4.5,-8.8,0.0,0.0,0.0,0.05,0,0,6.8
2025-01-24T12:00,-2.8,-7.4,0.0,0.0,0.0,0.05,0,0,9.6
2025-01-24T13:00,-2.0,-6.8,0.0,0.0,0.0,0.05,0,0,10.9
2025-01-24T14:00,-1.4,-6.3,0.0,0.0,0.0,0.05,0,0,10.7
2025-01-24T15:00,-1.0,-5.8,0.0,0.0,0.0,0.05,0,0,10.3
2025-01-24T16:00,-0.9,-5.4,0.0,0.0,0.0,0.05,0,0,8.0
2025-01-24T17:00,-2.0,-6.0,0.0,0.0,0.0,0.05,0,0,4.7
2025-01-24T18:00,-4.3,-8.2,0.0,0.0,0.0,0.05,0,1,3.0
2025-01-24T19:00,-5.5,-9.6,0.0,0.0,0.0,0.05,1,23,4.1
2025-01-24T20:00,-6.4,-10.5,0.0,0.0,0.0,0.05,3,85,4.2
2025-01-24T21:00,-6.1,-10.1,0.0,0.0,0.0,0.05,2,77,4.5
2025-01-24T22:00,-7.1,-11.2,0.0,0.0,0.0,0.05,2,50,4.1
2025-01-24T23:00,-8.1,-12.3,0.0,0.0,0.0,0.05,0,14,5.1
2025-01-25T00:00,-8.5,-12.3,0.0,0.0,0.0,0.05,0,13,2.4
2025-01-25T01:00,-9.3,-13.0,0.0,0.0,0.0,0.05,0,4,1.8
2025-01-25T02:00,-9.9,-13.7,0.0,0.0,0.0,0.05,0,0,1.7
2025-01-25T03:00,-10.5,-14.2,0.0,0.0,0.0,0.05,0,0,1.5
2025-01-25T04:00,-11.2,-15.0,0.0,0.0,0.0,0.05,0,3,2.0
2025-01-25T05:00,-11.5,-15.2,0.0,0.0,0.0,0.05,0,3,1.6
2025-01-25T06:00,-11.8,-15.6,0.0,0.0,0.0,0.05,0,2,1.8
2025-01-25T07:00,-12.1,-16.0,0.0,0.0,0.0,0.05,0,0,2.2
2025-01-25T08:00,-12.6,-16.4,0.0,0.0,0.0,0.05,0,0,2.0
2025-01-25T09:00,-11.0,-15.2,0.0,0.0,0.0,0.05,0,0,4.6
2025-01-25T10:00,-8.1,-12.2,0.0,0.0,0.0,0.05,0,0,4.4
2025-01-25T11:00,-5.9,-10.1,0.0,0.0,0.0,0.05,0,6,5.6
2025-01-25T12:00,-4.4,-8.7,0.0,0.0,0.0,0.05,1,45,6.8
2025-01-25T13:00,-3.6,-8.3,0.0,0.0,0.0,0.05,0,10,9.0
2025-01-25T14:00,-2.9,-7.9,0.0,0.0,0.0,0.05,2,57,11.3
2025-01-25T15:00,-2.5,-7.5,0.0,0.0,0.0,0.05,3,88,12.0
2025-01-25T16:00,-2.2,-7.2,0.0,0.0,0.0,0.04,3,83,11.8
2025-01-25T17:00,-2.5,-7.1,0.0,0.0,0.0,0.04,2,79,9.2
2025-01-25T18:00,-3.3,-7.7,0.0,0.0,0.0,0.04,3,82,8.4
2025-01-25T19:00,-3.4,-8.1,0.0,0.0,0.0,0.04,1,46,9.8
2025-01-25T20:00,-3.7,-8.4,0.0,0.0,0.0,0.04,2,67,10.4
2025-01-25T21:00,-3.1,-7.9,0.0,0.0,0.0,0.04,1,20,10.7
2025-01-25T22:00,-3.3,-8.0,0.0,0.0,0.0,0.04,1,32,10.3
2025-01-25T23:00,-3.8,-8.2,0.0,0.0,0.0,0.04,3,81,8.2
2025-01-26T00:00,-4.3,-8.5,0.0,0.0,0.0,0.04,3,100,6.9
2025-01-26T01:00,-4.9,-9.0,0.0,0.0,0.0,0.04,3,96,6.0
2025-01-26T02:00,-5.2,-9.2,0.0,0.0,0.0,0.04,3,100,5.4
2025-01-26T03:00,-3.7,-7.9,0.0,0.0,0.0,0.04,3,99,7.1
2025-01-26T04:00,-3.5,-7.9,0.0,0.0,0.0,0.04,3,100,9.4
2025-01-26T05:00,-2.9,-7.7,0.0,0.0,0.0,0.04,3,100,12.3
2025-01-26T06:00,-2.3,-7.2,0.0,0.0,0.0,0.04,3,100,13.3
2025-01-26T07:00,-1.9,-6.8,0.0,0.0,0.0,0.04,3,100,13.4
2025-01-26T08:00,-1.8,-6.6,0.0,0.0,0.0,0.04,3,99,12.8
2025-01-26T09:00,-1.7,-6.3,0.0,0.0,0.0,0.04,2,77,11.1
2025-01-26T10:00,-0.5,-5.0,0.0,0.0,0.0,0.04,2,68,10.8
2025-01-26T11:00,1.6,-2.3,0.0,0.0,0.0,0.04,3,93,7.1
2025-01-26T12:00,3.5,-1.5,0.0,0.0,0.0,0.04,3,99,14.7
2025-01-26T13:00,3.8,-1.6,0.0,0.0,0.0,0.04,3,96,17.2
2025-01-26T14:00,4.0,-1.0,0.0,0.0,0.0,0.04,3,95,14.7
2025-01-26T15:00,4.1,-0.7,0.0,0.0,0.0,0.04,3,97,13.5
2025-01-26T16:00,3.7,-0.9,0.0,0.0,0.0,0.04,3,95,12.2
2025-01-26T17:00,2.8,-1.7,0.0,0.0,0.0,0.04,3,89,11.4
2025-01-26T18:00,0.9,-3.2,0.0,0.0,0.0,0.04,2,76,8.1
2025-01-26T19:00,-1.5,-5.4,0.0,0.0,0.0,0.04,3,83,6.4
2025-01-26T20:00,-3.4,-7.3,0.0,0.0,0.0,0.04,1,33,5.5
2025-01-26T21:00,-3.0,-6.8,0.0,0.0,0.0,0.04,2,56,5.3
2025-01-26T22:00,-3.2,-6.8,0.0,0.0,0.0,0.04,3,86,2.9
2025-01-26T23:00,-4.2,-8.2,0.0,0.0,0.0,0.04,1,43,5.7
2025-01-27T00:00,-4.4,-8.5,0.0,0.0,0.0,0.04,3,80,5.6
2025-01-27T01:00,-3.8,-7.9,0.0,0.0,0.0,0.04,3,99,6.0
2025-01-27T02:00,-3.8,-7.8,0.0,0.0,0.0,0.04,3,95,5.9
2025-01-27T03:00,-3.3,-7.6,0.0,0.0,0.0,0.04,3,95,8.3
2025-01-27T04:00,-2.9,-7.4,0.0,0.0,0.0,0.04,3,100,9.6
2025-01-27T05:00,-3.0,-7.4,0.0,0.0,0.0,0.04,3,94,9.6
2025-01-27T06:00,-3.0,-7.7,0.0,0.0,0.0,0.04,1,36,11.0
2025-01-27T07:00,-3.8,-8.4,0.0,0.0,0.0,0.04,0,0,10.6
2025-01-27T08:00,-4.7,-9.2,0.0,0.0,0.0,0.04,0,0,8.9
2025-01-27T09:00,-3.6,-7.9,0.0,0.0,0.0,0.04,0,0,7.5
2025-01-27T10:00,-2.2,-6.2,0.0,0.0,0.0,0.04,0,0,5.8
2025-01-27T11:00,-0.8,-5.2,0.0,0.0,0.0,0.04,0,0,9.1
2025-01-27T12:00,0.5,-4.3,0.0,0.0,0.0,0.04,0,0,11.2
2025-01-27T13:00,1.1,-4.1,0.0,0.0,0.0,0.04,0,0,14.4
2025-01-27T14:00,1.7,-3.6,0.0,0.0,0.0,0.04,0,0,15.6
2025-01-27T15:00,2.0,-3.3,0.0,0.0,0.0,0.04,0,0,15.1
2025-01-27T16:00,1.9,-3.2,0.0,0.0,0.0,0.04,0,0,14.4
2025-01-27T17:00,1.4,-3.7,0.0,0.0,0.0,0.04,0,0,13.5
2025-01-27T18:00,0.4,-4.8,0.0,0.0,0.0,0.04,0,0,14.1
2025-01-27T19:00,-0.2,-5.6,0.0,0.0,0.0,0.04,0,0,15.2
2025-01-27T20:00,-0.6,-6.0,0.0,0.0,0.0,0.04,0,0,15.8
2025-01-27T21:00,-0.1,-5.6,0.0,0.0,0.0,0.04,0,2,15.7
2025-01-27T22:00,0.3,-5.5,0.0,0.0,0.0,0.04,2,64,18.2
2025-01-27T23:00,0.7,-5.0,0.0,0.0,0.0,0.04,1,43,18.0
2025-01-28T00:00,0.7,-4.9,0.0,0.0,0.0,0.04,3,81,17.9
2025-01-28T01:00,0.9,-4.7,0.0,0.0,0.0,0.04,3,92,17.4
2025-01-28T02:00,1.3,-4.4,0.0,0.0,0.0,0.04,3,99,17.4
2025-01-28T03:00,1.1,-4.6,0.0,0.0,0.0,0.04,3,99,17.0
2025-01-28T04:00,0.6,-5.1,0.0,0.0,0.0,0.04,3,98,17.5
2025-01-28T05:00,0.4,-5.2,0.0,0.0,0.0,0.04,3,94,17.2
2025-01-28T06:00,0.1,-5.7,0.0,0.0,0.0,0.04,0,14,18.4
2025-01-28T07:00,-0.2,-6.1,0.0,0.0,0.0,0.04,2,56,19.6
2025-01-28T08:00,-0.3,-6.1,0.0,0.0,0.0,0.04,2,78,19.8
2025-01-28T09:00,2.2,-3.6,0.0,0.0,0.0,0.04,2,53,18.8
2025-01-28T10:00,3.1,-2.7,0.0,0.0,0.0,0.04,3,100,19.1
2025-01-28T11:00,3.7,-1.8,0.0,0.0,0.0,0.04,0,17,17.8
2025-01-28T12:00,4.1,-2.2,0.0,0.0,0.0,0.04,1,39,23.3
2025-01-28T13:00,3.4,-2.8,0.0,0.0,0.0,0.03,3,100,22.4
2025-01-28T14:00,1.4,-4.7,0.0,0.0,0.0,0.03,0,10,20.4
2025-01-28T15:00,1.0,-4.6,0.0,0.0,0.0,0.03,1,42,16.3
2025-01-28T16:00,0.5,-4.7,0.0,0.0,0.0,0.03,1,31,13.1
2025-01-28T17:00,-0.2,-5.0,0.0,0.0,0.0,0.03,2,72,10.7
2025-01-28T18:00,-1.9,-5.6,0.0,0.0,0.0,0.03,3,96,3.9
2025-01-28T19:00,-2.8,-6.5,0.0,0.0,0.0,0.03,3,93,3.8
2025-01-28T20:00,-3.1,-6.6,0.0,0.0,0.0,0.03,1,40,2.8
2025-01-28T21:00,-2.2,-5.9,0.0,0.0,0.0,0.03,2,71,4.4
2025-01-28T22:00,-1.9,-6.1,0.0,0.0,0.0,0.03,2,54,7.0
2025-01-28T23:00,-1.3,-5.6,0.0,0.0,0.0,0.03,3,90,7.9
2025-01-29T00:00,-0.1,-4.5,0.0,0.0,0.0,0.03,3,88,10.1
2025-01-29T01:00,0.5,-4.2,0.0,0.0,0.0,0.03,2,56,12.3
2025-01-29T02:00,0.7,-4.2,0.0,0.0,0.0,0.03,3,93,13.7
2025-01-29T03:00,1.5,-3.5,0.0,0.0,0.0,0.03,3,100,14.6
2025-01-29T04:00,2.2,-3.1,0.0,0.0,0.0,0.03,1,44,16.5
2025-01-29T05:00,2.1,-3.3,0.0,0.0,0.0,0.03,0,12,17.5
2025-01-29T06:00,2.4,-3.0,0.0,0.0,0.0,0.03,1,25,17.4
2025-01-29T07:00,2.5,-2.8,0.0,0.0,0.0,0.03,0,1,17.7
2025-01-29T08:00,2.4,-2.8,0.0,0.0,0.0,0.03,0,13,17.3
2025-01-29T09:00,2.4,-2.6,0.0,0.0,0.0,0.03,2,67,14.9
2025-01-29T10:00,4.2,-1.0,0.0,0.0,0.0,0.03,3,98,16.1
2025-01-29T11:00,5.9,1.2,0.0,0.0,0.0,0.03,0,1,13.0
2025-01-29T12:00,7.6,2.8,0.0,0.0,0.0,0.03,0,14,14.6
2025-01-29T13:00,8.7,3.2,0.0,0.0,0.0,0.03,1,25,20.5
2025-01-29T14:00,8.7,3.1,0.0,0.0,0.0,0.03,1,49,21.8
2025-01-29T15:00,9.0,3.8,0.0,0.0,0.0,0.02,1,33,19.1
2025-01-29T16:00,8.3,2.7,0.0,0.0,0.0,0.02,1,27,20.9
2025-01-29T17:00,7.2,1.6,0.0,0.0,0.0,0.02,0,1,20.5
2025-01-29T18:00,5.6,-0.6,0.0,0.0,0.0,0.02,0,0,22.2
2025-01-29T19:00,3.7,-2.2,0.0,0.0,0.0,0.02,0,0,19.5
2025-01-29T20:00,2.4,-3.3,0.0,0.0,0.0,0.02,0,19,17.6
2025-01-29T21:00,2.4,-2.8,0.0,0.0,0.0,0.02,3,99,15.4
2025-01-29T22:00,1.8,-3.8,0.0,0.0,0.0,0.02,1,20,18.5
2025-01-29T23:00,0.2,-5.4,0.0,0.0,0.0,0.02,2,53,18.2
2025-01-30T00:00,-0.9,-5.7,0.0,0.0,0.0,0.02,0,15,13.0
2025-01-30T01:00,-2.4,-7.4,0.0,0.0,0.0,0.02,1,31,13.7
2025-01-30T02:00,-3.3,-8.6,0.0,0.0,0.0,0.02,0,2,14.6
2025-01-30T03:00,-4.2,-9.8,0.0,0.0,0.0,0.02,0,4,15.6
2025-01-30T04:00,-4.7,-10.4,0.0,0.0,0.0,0.02,0,0,15.7
2025-01-30T05:00,-5.1,-10.8,0.0,0.0,0.0,0.02,0,6,15.2
2025-01-30T06:00,-5.7,-11.0,0.0,0.0,0.0,0.02,0,6,12.8
2025-01-30T07:00,-6.1,-11.1,0.0,0.0,0.0,0.02,0,1,10.3
2025-01-30T08:00,-6.3,-11.0,0.0,0.0,0.0,0.02,0,0,8.2
2025-01-30T09:00,-4.3,-8.9,0.0,0.0,0.0,0.02,0,0,7.6
2025-01-30T10:00,-3.3,-8.1,0.0,0.0,0.0,0.02,0,0,9.2
2025-01-30T11:00,-2.4,-7.5,0.0,0.0,0.0,0.02,0,0,11.0
2025-01-30T12:00,-1.4,-6.3,0.0,0.0,0.0,0.02,0,5,9.7
2025-01-30T13:00,-0.4,-5.4,0.0,0.0,0.0,0.02,0,0,10.4
2025-01-30T14:00,0.4,-4.5,0.0,0.0,0.0,0.02,1,22,9.2
2025-01-30T15:00,0.7,-3.7,0.0,0.0,0.0,0.02,0,13,6.4
2025-01-30T16:00,0.9,-3.6,0.0,0.0,0.0,0.02,3,99,7.7
2025-01-30T17:00,0.7,-4.0,0.0,0.0,0.0,0.02,3,100,9.8
2025-01-30T18:00,-0.7,-4.5,0.0,0.0,0.0,0.02,3,100,4.8
2025-01-30T19:00,-1.1,-5.0,0.0,0.0,0.0,0.02,3,100,5.4
2025-01-30T20:00,-1.0,-4.9,0.0,0.0,0.0,0.02,3,100,5.0
2025-01-30T21:00,-0.8,-5.1,0.0,0.0,0.0,0.02,3,100,6.6
2025-01-30T22:00,-0.3,-4.9,0.0,0.0,0.0,0.02,3,100,9.4
2025-01-30T23:00,0.3,-4.2,0.0,0.0,0.0,0.02,3,100,11.4
2025-01-31T00:00,0.5,-3.9,0.0,0.0,0.0,0.02,3,100,11.4
2025-01-31T01:00,0.9,-3.3,0.0,0.0,0.0,0.02,3,100,10.7
2025-01-31T02:00,0.9,-3.0,0.0,0.0,0.0,0.02,3,100,8.9
2025-01-31T03:00,0.9,-2.7,0.0,0.0,0.0,0.02,3,100,7.3
2025-01-31T04:00,1.4,-2.1,0.0,0.0,0.0,0.02,3,100,7.5
2025-01-31T05:00,2.0,-1.7,0.0,0.0,0.0,0.02,3,100,9.7
2025-01-31T06:00,2.4,-1.2,0.4,0.4,0.0,0.02,51,100,10.5
2025-01-31T07:00,2.5,-1.2,0.4,0.4,0.0,0.02,51,100,11.7
2025-01-31T08:00,2.4,-0.9,0.1,0.1,0.0,0.02,51,100,9.3
2025-01-31T09:00,1.7,-1.0,0.4,0.4,0.0,0.02,51,100,5.3
2025-01-31T10:00,2.0,-0.6,0.3,0.3,0.0,0.02,51,100,4.9
2025-01-31T11:00,2.4,0.0,0.2,0.2,0.0,0.02,51,100,4.1
2025-01-31T12:00,3.1,0.9,0.2,0.2,0.0,0.02,51,100,3.5
2025-01-31T13:00,4.0,1.8,0.1,0.1,0.0,0.02,51,100,4.0
2025-01-31T14:00,4.8,2.7,0.1,0.1,0.0,0.02,51,100,4.8
2025-01-31T15:00,5.1,3.2,0.3,0.3,0.0,0.02,51,100,3.9
2025-01-31T16:00,4.4,2.4,0.1,0.1,0.0,0.02,51,100,3.5
2025-01-31T17:00,4.4,2.2,0.1,0.1,0.0,0.02,51,100,5.0
2025-01-31T18:00,3.8,1.4,0.5,0.5,0.0,0.02,53,100,5.4
2025-01-31T19:00,3.9,1.7,1.2,1.2,0.0,0.02,55,100,4.6
2025-01-31T20:00,3.7,1.3,1.2,1.2,0.0,0.02,55,100,5.8
2025-01-31T21:00,5.4,3.0,0.8,0.8,0.0,0.01,53,100,8.2
2025-01-31T22:00,5.2,2.8,0.7,0.7,0.0,0.01,53,100,7.8
2025-01-31T23:00,5.5,2.6,1.2,1.2,0.0,0.01,55,100,11.6
